<?xml version="1.0" encoding="UTF-8"?>
<project-private xmlns="http://www.netbeans.org/ns/project-private/1">
    <editor-bookmarks xmlns="http://www.netbeans.org/ns/editor-bookmarks/2" lastBookmarkId="0"/>
    <open-files xmlns="http://www.netbeans.org/ns/projectui-open-files/2">
        <group>
            <file>file:/C:/Users/iqbal/OneDrive/Documents/NetBeansProjects/Project%20UAS/src/ShowDaftarBuku/menushowbuku.java</file>
            <file>file:/C:/Users/iqbal/OneDrive/Documents/NetBeansProjects/Project%20UAS/src/pinjambuku/pinjamDAOimp.java</file>
            <file>file:/C:/Users/iqbal/OneDrive/Documents/NetBeansProjects/Project%20UAS/src/IsiPeminjamAdm/DataPeminjaman.java</file>
            <file>file:/C:/Users/iqbal/OneDrive/Documents/NetBeansProjects/Project%20UAS/src/IsiPeminjamAdm/tes.java</file>
            <file>file:/C:/Users/iqbal/OneDrive/Documents/NetBeansProjects/Project%20UAS/src/ShowDaftarBuku/ShowBukuForm.java</file>
            <file>file:/C:/Users/iqbal/OneDrive/Documents/NetBeansProjects/Project%20UAS/src/pinjambuku/pinjamForm.java</file>
            <file>file:/C:/Users/iqbal/OneDrive/Documents/NetBeansProjects/Project%20UAS/src/IsiBukuAdmin/IsiDataBukuForm.java</file>
            <file>file:/C:/Users/iqbal/OneDrive/Documents/NetBeansProjects/Project%20UAS/src/pinjambuku/pinjam.java</file>
            <file>file:/C:/Users/iqbal/OneDrive/Documents/NetBeansProjects/Project%20UAS/src/IsiPeminjamAdm/IsiDataPeminjamanDAOImp.java</file>
            <file>file:/C:/Users/iqbal/OneDrive/Documents/NetBeansProjects/Project%20UAS/src/IsiPeminjamAdm/IsiDataPeminjamanDAO.java</file>
            <file>file:/C:/Users/iqbal/OneDrive/Documents/NetBeansProjects/Project%20UAS/src/koneksi/koneksi.java</file>
            <file>file:/C:/Users/iqbal/OneDrive/Documents/NetBeansProjects/Project%20UAS/src/IsiPeminjamAdm/DataPeminjam.java</file>
            <file>file:/C:/Users/iqbal/OneDrive/Documents/NetBeansProjects/Project%20UAS/src/IsiPeminjamAdm/IsiDataPeminjaman.java</file>
            <file>file:/C:/Users/iqbal/OneDrive/Documents/NetBeansProjects/Project%20UAS/src/IsiPengembalianAdm/IsiDataPengembalianForm.java</file>
            <file>file:/C:/Users/iqbal/OneDrive/Documents/NetBeansProjects/Project%20UAS/src/login/loginForm.java</file>
            <file>file:/C:/Users/iqbal/OneDrive/Documents/NetBeansProjects/Project%20UAS/src/IsiPeminjamAdm/IsiDataPeminjamanForm.java</file>
            <file>file:/C:/Users/iqbal/OneDrive/Documents/NetBeansProjects/Project%20UAS/src/IsiBukuAdmin/IsiDataBukuDAOImp.java</file>
            <file>file:/C:/Users/iqbal/OneDrive/Documents/NetBeansProjects/Project%20UAS/src/main/FormMenuUtama.java</file>
        </group>
    </open-files>
</project-private>
